{
  "name": "angular-cookies",
  "version": "1.5.9",
  "license": "MIT",
  "main": "./angular-cookies.js",
  "ignore": [],
  "dependencies": {
    "angular": "1.5.9"
  },
  "homepage": "https://github.com/angular/bower-angular-cookies",
  "_release": "1.5.9",
  "_resolution": {
    "type": "version",
    "tag": "v1.5.9",
    "commit": "036203e63b74e992d688a53f60c788b40fe3462b"
  },
  "_source": "https://github.com/angular/bower-angular-cookies.git",
  "_target": "~1.5.0",
  "_originalSource": "angular-cookies"
}